{
  "timestamp": "2025-09-29T18:07:13.539070",
  "lap_times": [
    1.0148041248321533,
    2.0241663455963135,
    3.0344831943511963
  ],
  "total_time": 6.073453664779663,
  "average_lap": 2.024484554926554,
  "best_lap": 1.0148041248321533,
  "worst_lap": 3.0344831943511963
}