{
  "timestamp": "2025-09-29T21:12:46.145664",
  "test_mode": "simple_virtual",
  "lap_times": [
    14.382541179656982,
    22.443005084991455,
    335.4450693130493
  ],
  "total_time": 372.27061557769775,
  "average_lap": 124.09020519256592,
  "best_lap": 14.382541179656982,
  "worst_lap": 335.4450693130493,
  "laps_completed": 3
}